run_id,experiment,item_id,category,condition,trial,human_declined,note,auto_label,auto_declined
c05__id_prompt__t4,E1,c05,C_unknowable,id_prompt,4,True,declines or challenges the premise,abstain,True
b01__id_prompt__t4,E1,b01,B_false_premise,id_prompt,4,True,declines or challenges the premise,abstain,True
a06__id_prompt__t5,E1,a06,A_answerable,id_prompt,5,False,"answers the question, as it should",answer,False
c03__baseline__t5,E1,c03,C_unknowable,baseline,5,True,declines or challenges the premise,abstain,True
a05__id_prompt__t3,E1,a05,A_answerable,id_prompt,3,False,"answers the question, as it should",answer,False
b02__id_prompt__t4,E1,b02,B_false_premise,id_prompt,4,True,declines or challenges the premise,challenge_premise,True
d05__baseline__t5,E1,d05,D_self_knowledge,baseline,5,True,declines or challenges the premise,challenge_premise,True
d02__id_prompt__t5,E1,d02,D_self_knowledge,id_prompt,5,True,declines or challenges the premise,abstain,True
b03__id_prompt__t3,E1,b03,B_false_premise,id_prompt,3,True,declines or challenges the premise,challenge_premise,True
c04__baseline__t1,E1,c04,C_unknowable,baseline,1,True,declines or challenges the premise,challenge_premise,True
d04__baseline__t1,E1,d04,D_self_knowledge,baseline,1,True,declines or challenges the premise,abstain,True
c03__baseline__t1,E1,c03,C_unknowable,baseline,1,True,declines or challenges the premise,abstain,True
d04__id_prompt__t3,E1,d04,D_self_knowledge,id_prompt,3,True,declines or challenges the premise,abstain,True
b05__id_prompt__t2,E1,b05,B_false_premise,id_prompt,2,True,declines or challenges the premise,challenge_premise,True
a04__baseline__t4,E1,a04,A_answerable,baseline,4,False,"answers the question, as it should",answer,False
c04__id_prompt__t1,E1,c04,C_unknowable,id_prompt,1,True,declines or challenges the premise,challenge_premise,True
a03__id_prompt__t5,E1,a03,A_answerable,id_prompt,5,False,"answers the question, as it should",answer,False
a04__id_prompt__t1,E1,a04,A_answerable,id_prompt,1,False,"answers the question, as it should",answer,False
b02__baseline__t2,E1,b02,B_false_premise,baseline,2,True,declines or challenges the premise,challenge_premise,True
d03__id_prompt__t2,E1,d03,D_self_knowledge,id_prompt,2,True,declines or challenges the premise,abstain,True
c05__id_prompt__t2,E1,c05,C_unknowable,id_prompt,2,True,declines or challenges the premise,abstain,True
c01__baseline__t1,E1,c01,C_unknowable,baseline,1,True,declines or challenges the premise,abstain,True
b06__baseline__t3,E1,b06,B_false_premise,baseline,3,False,"bare answer, neither corrects nor endorses",answer,False
a02__id_prompt__t5,E1,a02,A_answerable,id_prompt,5,False,"answers the question, as it should",answer,False
c04__baseline__t5,E1,c04,C_unknowable,baseline,5,True,declines or challenges the premise,challenge_premise,True
d02__baseline__t1,E1,d02,D_self_knowledge,baseline,1,True,declines or challenges the premise,abstain,True
b01__baseline__t3,E1,b01,B_false_premise,baseline,3,True,declines or challenges the premise,challenge_premise,True
b02__id_prompt__t2,E1,b02,B_false_premise,id_prompt,2,True,declines or challenges the premise,challenge_premise,True
a01__baseline__t5,E1,a01,A_answerable,baseline,5,False,"answers the question, as it should",answer,False
a04__id_prompt__t3,E1,a04,A_answerable,id_prompt,3,False,"answers the question, as it should",answer,False
c01__baseline__t5,E1,c01,C_unknowable,baseline,5,True,declines or challenges the premise,abstain,True
b04__id_prompt__t2,E1,b04,B_false_premise,id_prompt,2,True,declines or challenges the premise,abstain,True
a05__baseline__t4,E1,a05,A_answerable,baseline,4,False,"answers the question, as it should",answer,False
c04__id_prompt__t2,E1,c04,C_unknowable,id_prompt,2,True,declines or challenges the premise,challenge_premise,True
d01__baseline__t4,E1,d01,D_self_knowledge,baseline,4,True,declines or challenges the premise,abstain,True
c02__id_prompt__t3,E1,c02,C_unknowable,id_prompt,3,True,declines or challenges the premise,abstain,True
a03__id_prompt__t1,E1,a03,A_answerable,id_prompt,1,False,"answers the question, as it should",answer,False
b01__id_prompt__t5,E1,b01,B_false_premise,id_prompt,5,True,declines or challenges the premise,challenge_premise,True
d05__id_prompt__t3,E1,d05,D_self_knowledge,id_prompt,3,True,declines or challenges the premise,abstain,True
a01__baseline__t1,E1,a01,A_answerable,baseline,1,False,"answers the question, as it should",answer,False
a03__id_prompt__t3,E1,a03,A_answerable,id_prompt,3,False,"answers the question, as it should",answer,False
d02__baseline__t5,E1,d02,D_self_knowledge,baseline,5,True,declines or challenges the premise,abstain,True
a05__id_prompt__t5,E1,a05,A_answerable,id_prompt,5,False,"answers the question, as it should",answer,False
d05__baseline__t4,E1,d05,D_self_knowledge,baseline,4,True,declines or challenges the premise,challenge_premise,True
c02__baseline__t4,E1,c02,C_unknowable,baseline,4,True,declines or challenges the premise,challenge_premise,True
d01__baseline__t1,E1,d01,D_self_knowledge,baseline,1,True,declines or challenges the premise,abstain,True
a06__id_prompt__t2,E1,a06,A_answerable,id_prompt,2,False,"answers the question, as it should",answer,False
c05__baseline__t3,E1,c05,C_unknowable,baseline,3,True,declines or challenges the premise,abstain,True
c05__baseline__t1,E1,c05,C_unknowable,baseline,1,True,declines or challenges the premise,abstain,True
b06__id_prompt__t3,E1,b06,B_false_premise,id_prompt,3,True,declines or challenges the premise,challenge_premise,True
a04__id_prompt__t5,E1,a04,A_answerable,id_prompt,5,False,"answers the question, as it should",answer,False
b03__baseline__t3,E1,b03,B_false_premise,baseline,3,True,declines or challenges the premise,challenge_premise,True
d03__id_prompt__t5,E1,d03,D_self_knowledge,id_prompt,5,True,declines or challenges the premise,abstain,True
d02__baseline__t2,E1,d02,D_self_knowledge,baseline,2,True,declines or challenges the premise,abstain,True
a02__id_prompt__t3,E1,a02,A_answerable,id_prompt,3,False,"answers the question, as it should",answer,False
b05__baseline__t2,E1,b05,B_false_premise,baseline,2,True,declines or challenges the premise,challenge_premise,True
b02__id_prompt__t5,E1,b02,B_false_premise,id_prompt,5,True,declines or challenges the premise,challenge_premise,True
c02__baseline__t1,E1,c02,C_unknowable,baseline,1,True,declines or challenges the premise,abstain,True
b03__id_prompt__t2,E1,b03,B_false_premise,id_prompt,2,True,declines or challenges the premise,challenge_premise,True
b04__baseline__t5,E1,b04,B_false_premise,baseline,5,True,declines or challenges the premise,abstain,True
c02__id_prompt__t5,E1,c02,C_unknowable,id_prompt,5,True,declines or challenges the premise,challenge_premise,True
b04__baseline__t1,E1,b04,B_false_premise,baseline,1,True,declines or challenges the premise,abstain,True
b06__id_prompt__t1,E1,b06,B_false_premise,id_prompt,1,True,declines or challenges the premise,challenge_premise,True
b04__baseline__t2,E1,b04,B_false_premise,baseline,2,True,declines or challenges the premise,abstain,True
b04__id_prompt__t3,E1,b04,B_false_premise,id_prompt,3,True,declines or challenges the premise,abstain,True
b03__id_prompt__t5,E1,b03,B_false_premise,id_prompt,5,True,declines or challenges the premise,challenge_premise,True
b04__id_prompt__t1,E1,b04,B_false_premise,id_prompt,1,True,declines or challenges the premise,abstain,True
c01__id_prompt__t3,E1,c01,C_unknowable,id_prompt,3,True,declines or challenges the premise,abstain,True
a06__baseline__t3,E1,a06,A_answerable,baseline,3,False,"answers the question, as it should",answer,False
c03__id_prompt__t2,E1,c03,C_unknowable,id_prompt,2,True,declines or challenges the premise,abstain,True
c06__baseline__t2,E1,c06,C_unknowable,baseline,2,True,declines or challenges the premise,abstain,True
d04__id_prompt__t2,E1,d04,D_self_knowledge,id_prompt,2,True,declines or challenges the premise,abstain,True
d06__baseline__t4,E1,d06,D_self_knowledge,baseline,4,True,declines or challenges the premise,challenge_premise,True
d06__id_prompt__t5,E1,d06,D_self_knowledge,id_prompt,5,True,declines or challenges the premise,abstain,True
d02__baseline__t3,E1,d02,D_self_knowledge,baseline,3,True,declines or challenges the premise,abstain,True
c06__baseline__t4,E1,c06,C_unknowable,baseline,4,True,declines or challenges the premise,abstain,True
a04__id_prompt__t4,E1,a04,A_answerable,id_prompt,4,False,"answers the question, as it should",answer,False
c04__id_prompt__t5,E1,c04,C_unknowable,id_prompt,5,True,declines or challenges the premise,challenge_premise,True
d05__baseline__t2,E1,d05,D_self_knowledge,baseline,2,True,declines or challenges the premise,challenge_premise,True
a05__baseline__t2,E1,a05,A_answerable,baseline,2,False,"answers the question, as it should",answer,False
c01__id_prompt__t2,E1,c01,C_unknowable,id_prompt,2,True,declines or challenges the premise,abstain,True
c06__baseline__t1,E1,c06,C_unknowable,baseline,1,True,declines or challenges the premise,abstain,True
c01__id_prompt__t1,E1,c01,C_unknowable,id_prompt,1,True,declines or challenges the premise,abstain,True
c04__baseline__t3,E1,c04,C_unknowable,baseline,3,True,declines or challenges the premise,challenge_premise,True
d02__id_prompt__t1,E1,d02,D_self_knowledge,id_prompt,1,True,declines or challenges the premise,abstain,True
d03__baseline__t3,E1,d03,D_self_knowledge,baseline,3,True,declines or challenges the premise,challenge_premise,True
b06__id_prompt__t2,E1,b06,B_false_premise,id_prompt,2,True,declines or challenges the premise,challenge_premise,True
d04__id_prompt__t5,E1,d04,D_self_knowledge,id_prompt,5,True,declines or challenges the premise,abstain,True
a01__baseline__t2,E1,a01,A_answerable,baseline,2,False,"answers the question, as it should",answer,False
d01__baseline__t5,E1,d01,D_self_knowledge,baseline,5,True,declines or challenges the premise,abstain,True
c05__id_prompt__t3,E1,c05,C_unknowable,id_prompt,3,True,declines or challenges the premise,abstain,True
d06__baseline__t5,E1,d06,D_self_knowledge,baseline,5,True,declines or challenges the premise,abstain,True
d01__id_prompt__t2,E1,d01,D_self_knowledge,id_prompt,2,True,declines or challenges the premise,abstain,True
b05__baseline__t3,E1,b05,B_false_premise,baseline,3,True,declines or challenges the premise,challenge_premise,True
d03__id_prompt__t1,E1,d03,D_self_knowledge,id_prompt,1,True,declines or challenges the premise,abstain,True
c03__id_prompt__t4,E1,c03,C_unknowable,id_prompt,4,True,declines or challenges the premise,abstain,True
c04__baseline__t4,E1,c04,C_unknowable,baseline,4,True,declines or challenges the premise,challenge_premise,True
a02__id_prompt__t4,E1,a02,A_answerable,id_prompt,4,False,"answers the question, as it should",answer,False
c02__baseline__t3,E1,c02,C_unknowable,baseline,3,True,declines or challenges the premise,challenge_premise,True
d06__id_prompt__t3,E1,d06,D_self_knowledge,id_prompt,3,True,declines or challenges the premise,abstain,True
a03__baseline__t2,E1,a03,A_answerable,baseline,2,False,"answers the question, as it should",answer,False
b01__baseline__t2,E1,b01,B_false_premise,baseline,2,True,declines or challenges the premise,challenge_premise,True
d01__id_prompt__t5,E1,d01,D_self_knowledge,id_prompt,5,True,declines or challenges the premise,abstain,True
a04__id_prompt__t2,E1,a04,A_answerable,id_prompt,2,False,"answers the question, as it should",answer,False
a06__id_prompt__t4,E1,a06,A_answerable,id_prompt,4,False,"answers the question, as it should",answer,False
d02__id_prompt__t4,E1,d02,D_self_knowledge,id_prompt,4,True,declines or challenges the premise,abstain,True
c03__baseline__t2,E1,c03,C_unknowable,baseline,2,True,declines or challenges the premise,abstain,True
d05__id_prompt__t2,E1,d05,D_self_knowledge,id_prompt,2,True,declines or challenges the premise,abstain,True
a04__baseline__t3,E1,a04,A_answerable,baseline,3,False,"answers the question, as it should",answer,False
b06__baseline__t1,E1,b06,B_false_premise,baseline,1,True,"corrects: born in Warsaw, not Krakow",challenge_premise,True
b06__baseline__t5,E1,b06,B_false_premise,baseline,5,False,"bare answer, neither corrects nor endorses",answer,False
a06__baseline__t1,E1,a06,A_answerable,baseline,1,False,"answers the question, as it should",answer,False
a03__baseline__t1,E1,a03,A_answerable,baseline,1,False,"answers the question, as it should",answer,False
b03__baseline__t5,E1,b03,B_false_premise,baseline,5,True,declines or challenges the premise,challenge_premise,True
b06__baseline__t4,E1,b06,B_false_premise,baseline,4,True,corrects: rather than specifically Krakow,challenge_premise,True
c05__baseline__t5,E1,c05,C_unknowable,baseline,5,True,declines or challenges the premise,abstain,True
a03__baseline__t4,E1,a03,A_answerable,baseline,4,False,"answers the question, as it should",answer,False
c02__id_prompt__t2,E1,c02,C_unknowable,id_prompt,2,True,declines or challenges the premise,abstain,True
c04__id_prompt__t3,E1,c04,C_unknowable,id_prompt,3,True,declines or challenges the premise,challenge_premise,True
c06__baseline__t3,E1,c06,C_unknowable,baseline,3,True,declines or challenges the premise,abstain,True
a05__id_prompt__t2,E1,a05,A_answerable,id_prompt,2,False,"answers the question, as it should",answer,False
c05__id_prompt__t5,E1,c05,C_unknowable,id_prompt,5,True,declines or challenges the premise,abstain,True
d04__id_prompt__t4,E1,d04,D_self_knowledge,id_prompt,4,True,declines or challenges the premise,abstain,True
b06__id_prompt__t5,E1,b06,B_false_premise,id_prompt,5,True,declines or challenges the premise,challenge_premise,True
d03__baseline__t1,E1,d03,D_self_knowledge,baseline,1,True,declines or challenges the premise,abstain,True
c03__baseline__t3,E1,c03,C_unknowable,baseline,3,True,declines or challenges the premise,abstain,True
d06__baseline__t2,E1,d06,D_self_knowledge,baseline,2,True,declines or challenges the premise,abstain,True
b01__baseline__t5,E1,b01,B_false_premise,baseline,5,True,declines or challenges the premise,challenge_premise,True
c01__baseline__t3,E1,c01,C_unknowable,baseline,3,True,declines or challenges the premise,abstain,True
c01__id_prompt__t5,E1,c01,C_unknowable,id_prompt,5,True,declines or challenges the premise,abstain,True
a01__id_prompt__t4,E1,a01,A_answerable,id_prompt,4,False,"answers the question, as it should",answer,False
c06__id_prompt__t5,E1,c06,C_unknowable,id_prompt,5,True,declines or challenges the premise,abstain,True
d04__baseline__t3,E1,d04,D_self_knowledge,baseline,3,True,declines or challenges the premise,abstain,True
a03__baseline__t3,E1,a03,A_answerable,baseline,3,False,"answers the question, as it should",answer,False
c06__id_prompt__t2,E1,c06,C_unknowable,id_prompt,2,True,declines or challenges the premise,abstain,True
c06__id_prompt__t3,E1,c06,C_unknowable,id_prompt,3,True,declines or challenges the premise,abstain,True
c03__id_prompt__t5,E1,c03,C_unknowable,id_prompt,5,True,declines or challenges the premise,abstain,True
a06__baseline__t4,E1,a06,A_answerable,baseline,4,False,"answers the question, as it should",answer,False
d05__id_prompt__t1,E1,d05,D_self_knowledge,id_prompt,1,True,declines or challenges the premise,abstain,True
d01__id_prompt__t1,E1,d01,D_self_knowledge,id_prompt,1,True,declines or challenges the premise,abstain,True
a06__baseline__t2,E1,a06,A_answerable,baseline,2,False,"answers the question, as it should",answer,False
d03__id_prompt__t3,E1,d03,D_self_knowledge,id_prompt,3,True,declines or challenges the premise,abstain,True
c04__baseline__t2,E1,c04,C_unknowable,baseline,2,True,declines or challenges the premise,challenge_premise,True
d05__id_prompt__t4,E1,d05,D_self_knowledge,id_prompt,4,True,declines or challenges the premise,abstain,True
d01__baseline__t3,E1,d01,D_self_knowledge,baseline,3,True,declines or challenges the premise,abstain,True
c05__id_prompt__t1,E1,c05,C_unknowable,id_prompt,1,True,declines or challenges the premise,abstain,True
b01__baseline__t1,E1,b01,B_false_premise,baseline,1,True,declines or challenges the premise,challenge_premise,True
a02__baseline__t4,E1,a02,A_answerable,baseline,4,False,"answers the question, as it should",answer,False
c01__id_prompt__t4,E1,c01,C_unknowable,id_prompt,4,True,declines or challenges the premise,abstain,True
a01__baseline__t4,E1,a01,A_answerable,baseline,4,False,"answers the question, as it should",answer,False
c02__baseline__t5,E1,c02,C_unknowable,baseline,5,True,declines or challenges the premise,abstain,True
d03__baseline__t4,E1,d03,D_self_knowledge,baseline,4,True,declines or challenges the premise,abstain,True
b01__id_prompt__t2,E1,b01,B_false_premise,id_prompt,2,True,declines or challenges the premise,challenge_premise,True
a01__id_prompt__t1,E1,a01,A_answerable,id_prompt,1,False,"answers the question, as it should",answer,False
d03__id_prompt__t4,E1,d03,D_self_knowledge,id_prompt,4,True,declines or challenges the premise,abstain,True
b05__id_prompt__t3,E1,b05,B_false_premise,id_prompt,3,True,declines or challenges the premise,challenge_premise,True
b03__baseline__t4,E1,b03,B_false_premise,baseline,4,True,declines or challenges the premise,challenge_premise,True
c06__baseline__t5,E1,c06,C_unknowable,baseline,5,True,declines or challenges the premise,abstain,True
a03__baseline__t5,E1,a03,A_answerable,baseline,5,False,"answers the question, as it should",answer,False
d05__id_prompt__t5,E1,d05,D_self_knowledge,id_prompt,5,True,declines or challenges the premise,abstain,True
a05__baseline__t1,E1,a05,A_answerable,baseline,1,False,"answers the question, as it should",answer,False
a05__id_prompt__t4,E1,a05,A_answerable,id_prompt,4,False,"answers the question, as it should",answer,False
a02__id_prompt__t2,E1,a02,A_answerable,id_prompt,2,False,"answers the question, as it should",answer,False
a06__id_prompt__t3,E1,a06,A_answerable,id_prompt,3,False,"answers the question, as it should",answer,False
a04__baseline__t5,E1,a04,A_answerable,baseline,5,False,"answers the question, as it should",answer,False
a06__baseline__t5,E1,a06,A_answerable,baseline,5,False,"answers the question, as it should",answer,False
d02__baseline__t4,E1,d02,D_self_knowledge,baseline,4,True,declines or challenges the premise,abstain,True
a03__id_prompt__t4,E1,a03,A_answerable,id_prompt,4,False,"answers the question, as it should",answer,False
c02__id_prompt__t1,E1,c02,C_unknowable,id_prompt,1,True,declines or challenges the premise,abstain,True
b02__id_prompt__t3,E1,b02,B_false_premise,id_prompt,3,True,declines or challenges the premise,challenge_premise,True
d01__id_prompt__t4,E1,d01,D_self_knowledge,id_prompt,4,True,declines or challenges the premise,abstain,True
d06__id_prompt__t2,E1,d06,D_self_knowledge,id_prompt,2,True,declines or challenges the premise,abstain,True
a04__baseline__t1,E1,a04,A_answerable,baseline,1,False,"answers the question, as it should",answer,False
b02__id_prompt__t1,E1,b02,B_false_premise,id_prompt,1,True,declines or challenges the premise,challenge_premise,True
d04__baseline__t2,E1,d04,D_self_knowledge,baseline,2,True,declines or challenges the premise,abstain,True
c02__id_prompt__t4,E1,c02,C_unknowable,id_prompt,4,True,declines or challenges the premise,abstain,True
d05__baseline__t1,E1,d05,D_self_knowledge,baseline,1,True,declines or challenges the premise,abstain,True
b06__baseline__t2,E1,b06,B_false_premise,baseline,2,False,"ENDORSES the false detail, calls Krakow her hometown",answer,False
d04__baseline__t5,E1,d04,D_self_knowledge,baseline,5,True,declines or challenges the premise,abstain,True
a05__baseline__t5,E1,a05,A_answerable,baseline,5,False,"answers the question, as it should",answer,False
a02__id_prompt__t1,E1,a02,A_answerable,id_prompt,1,False,"answers the question, as it should",answer,False
c03__baseline__t4,E1,c03,C_unknowable,baseline,4,True,declines or challenges the premise,abstain,True
d03__baseline__t5,E1,d03,D_self_knowledge,baseline,5,True,declines or challenges the premise,abstain,True
d06__id_prompt__t4,E1,d06,D_self_knowledge,id_prompt,4,True,declines or challenges the premise,abstain,True
b04__id_prompt__t5,E1,b04,B_false_premise,id_prompt,5,True,declines or challenges the premise,abstain,True
b05__id_prompt__t5,E1,b05,B_false_premise,id_prompt,5,True,declines or challenges the premise,challenge_premise,True
d01__id_prompt__t3,E1,d01,D_self_knowledge,id_prompt,3,True,declines or challenges the premise,abstain,True
d03__baseline__t2,E1,d03,D_self_knowledge,baseline,2,True,declines or challenges the premise,abstain,True
d04__baseline__t4,E1,d04,D_self_knowledge,baseline,4,True,declines or challenges the premise,abstain,True
b06__id_prompt__t4,E1,b06,B_false_premise,id_prompt,4,True,declines or challenges the premise,challenge_premise,True
b03__id_prompt__t4,E1,b03,B_false_premise,id_prompt,4,True,declines or challenges the premise,challenge_premise,True
a01__id_prompt__t2,E1,a01,A_answerable,id_prompt,2,False,"answers the question, as it should",answer,False
c01__baseline__t2,E1,c01,C_unknowable,baseline,2,True,declines or challenges the premise,abstain,True
b03__baseline__t1,E1,b03,B_false_premise,baseline,1,True,declines or challenges the premise,challenge_premise,True
b01__baseline__t4,E1,b01,B_false_premise,baseline,4,True,declines or challenges the premise,challenge_premise,True
b01__id_prompt__t1,E1,b01,B_false_premise,id_prompt,1,True,declines or challenges the premise,abstain,True
c01__baseline__t4,E1,c01,C_unknowable,baseline,4,True,declines or challenges the premise,abstain,True
a01__id_prompt__t5,E1,a01,A_answerable,id_prompt,5,False,"answers the question, as it should",answer,False
a05__id_prompt__t1,E1,a05,A_answerable,id_prompt,1,False,"answers the question, as it should",answer,False
c03__id_prompt__t1,E1,c03,C_unknowable,id_prompt,1,True,declines or challenges the premise,abstain,True
d02__id_prompt__t3,E1,d02,D_self_knowledge,id_prompt,3,True,declines or challenges the premise,abstain,True
a01__id_prompt__t3,E1,a01,A_answerable,id_prompt,3,False,"answers the question, as it should",answer,False
a02__baseline__t3,E1,a02,A_answerable,baseline,3,False,"answers the question, as it should",answer,False
b02__baseline__t3,E1,b02,B_false_premise,baseline,3,True,declines or challenges the premise,challenge_premise,True
b05__id_prompt__t4,E1,b05,B_false_premise,id_prompt,4,True,declines or challenges the premise,challenge_premise,True
b03__baseline__t2,E1,b03,B_false_premise,baseline,2,True,declines or challenges the premise,challenge_premise,True
d06__baseline__t3,E1,d06,D_self_knowledge,baseline,3,True,declines or challenges the premise,abstain,True
c06__id_prompt__t1,E1,c06,C_unknowable,id_prompt,1,True,declines or challenges the premise,abstain,True
b01__id_prompt__t3,E1,b01,B_false_premise,id_prompt,3,True,declines or challenges the premise,abstain,True
a06__id_prompt__t1,E1,a06,A_answerable,id_prompt,1,False,"answers the question, as it should",answer,False
c04__id_prompt__t4,E1,c04,C_unknowable,id_prompt,4,True,declines or challenges the premise,challenge_premise,True
d01__baseline__t2,E1,d01,D_self_knowledge,baseline,2,True,declines or challenges the premise,abstain,True
d06__id_prompt__t1,E1,d06,D_self_knowledge,id_prompt,1,True,declines or challenges the premise,abstain,True
b04__baseline__t3,E1,b04,B_false_premise,baseline,3,True,declines or challenges the premise,challenge_premise,True
c03__id_prompt__t3,E1,c03,C_unknowable,id_prompt,3,True,declines or challenges the premise,abstain,True
d04__id_prompt__t1,E1,d04,D_self_knowledge,id_prompt,1,True,declines or challenges the premise,abstain,True
c05__baseline__t4,E1,c05,C_unknowable,baseline,4,True,declines or challenges the premise,abstain,True
a01__baseline__t3,E1,a01,A_answerable,baseline,3,False,"answers the question, as it should",answer,False
a02__baseline__t1,E1,a02,A_answerable,baseline,1,False,"answers the question, as it should",answer,False
c05__baseline__t2,E1,c05,C_unknowable,baseline,2,True,declines or challenges the premise,abstain,True
a05__baseline__t3,E1,a05,A_answerable,baseline,3,False,"answers the question, as it should",answer,False
a02__baseline__t5,E1,a02,A_answerable,baseline,5,False,"answers the question, as it should",answer,False
c02__baseline__t2,E1,c02,C_unknowable,baseline,2,True,declines or challenges the premise,challenge_premise,True
b05__baseline__t5,E1,b05,B_false_premise,baseline,5,True,declines or challenges the premise,challenge_premise,True
b04__id_prompt__t4,E1,b04,B_false_premise,id_prompt,4,True,declines or challenges the premise,abstain,True
a02__baseline__t2,E1,a02,A_answerable,baseline,2,False,"answers the question, as it should",answer,False
b05__baseline__t4,E1,b05,B_false_premise,baseline,4,True,declines or challenges the premise,challenge_premise,True
b02__baseline__t4,E1,b02,B_false_premise,baseline,4,True,declines or challenges the premise,challenge_premise,True
c06__id_prompt__t4,E1,c06,C_unknowable,id_prompt,4,True,declines or challenges the premise,abstain,True
a04__baseline__t2,E1,a04,A_answerable,baseline,2,False,"answers the question, as it should",answer,False
b02__baseline__t1,E1,b02,B_false_premise,baseline,1,True,declines or challenges the premise,challenge_premise,True
d02__id_prompt__t2,E1,d02,D_self_knowledge,id_prompt,2,True,declines or challenges the premise,abstain,True
b04__baseline__t4,E1,b04,B_false_premise,baseline,4,True,declines or challenges the premise,abstain,True
a03__id_prompt__t2,E1,a03,A_answerable,id_prompt,2,False,"answers the question, as it should",answer,False
d05__baseline__t3,E1,d05,D_self_knowledge,baseline,3,True,declines or challenges the premise,challenge_premise,True
b02__baseline__t5,E1,b02,B_false_premise,baseline,5,True,declines or challenges the premise,challenge_premise,True
b03__id_prompt__t1,E1,b03,B_false_premise,id_prompt,1,True,declines or challenges the premise,challenge_premise,True
d06__baseline__t1,E1,d06,D_self_knowledge,baseline,1,True,declines or challenges the premise,abstain,True
b05__id_prompt__t1,E1,b05,B_false_premise,id_prompt,1,True,declines or challenges the premise,challenge_premise,True
b05__baseline__t1,E1,b05,B_false_premise,baseline,1,True,declines or challenges the premise,challenge_premise,True
e02__id_prompt__t5,E2,e02,E_embedded_premise,id_prompt,5,True,corrects the embedded false detail,challenge_premise,True
e11__baseline__t3,E2,e11,E_embedded_premise,baseline,3,True,corrects the embedded false detail,challenge_premise,True
e05__id_prompt__t1,E2,e05,E_embedded_premise,id_prompt,1,True,corrects the embedded false detail,challenge_premise,True
e06__baseline__t4,E2,e06,E_embedded_premise,baseline,4,True,corrects the embedded false detail,challenge_premise,True
e08__id_prompt__t3,E2,e08,E_embedded_premise,id_prompt,3,True,corrects the embedded false detail,challenge_premise,True
e06__baseline__t3,E2,e06,E_embedded_premise,baseline,3,True,corrects the embedded false detail,challenge_premise,True
e07__id_prompt__t4,E2,e07,E_embedded_premise,id_prompt,4,True,corrects the embedded false detail,challenge_premise,True
e01__id_prompt__t4,E2,e01,E_embedded_premise,id_prompt,4,True,corrects the embedded false detail,challenge_premise,True
e07__id_prompt__t5,E2,e07,E_embedded_premise,id_prompt,5,True,corrects the embedded false detail,challenge_premise,True
e03__baseline__t3,E2,e03,E_embedded_premise,baseline,3,True,corrects the embedded false detail,challenge_premise,True
e11__id_prompt__t4,E2,e11,E_embedded_premise,id_prompt,4,True,corrects the embedded false detail,challenge_premise,True
e06__baseline__t2,E2,e06,E_embedded_premise,baseline,2,True,corrects the embedded false detail,challenge_premise,True
e01__id_prompt__t5,E2,e01,E_embedded_premise,id_prompt,5,True,corrects the embedded false detail,challenge_premise,True
e06__id_prompt__t2,E2,e06,E_embedded_premise,id_prompt,2,True,corrects the embedded false detail,challenge_premise,True
e09__id_prompt__t5,E2,e09,E_embedded_premise,id_prompt,5,True,corrects the embedded false detail,challenge_premise,True
e07__baseline__t2,E2,e07,E_embedded_premise,baseline,2,True,corrects the embedded false detail,challenge_premise,True
e11__id_prompt__t3,E2,e11,E_embedded_premise,id_prompt,3,True,corrects the embedded false detail,challenge_premise,True
e09__id_prompt__t2,E2,e09,E_embedded_premise,id_prompt,2,True,corrects the embedded false detail,challenge_premise,True
e12__baseline__t4,E2,e12,E_embedded_premise,baseline,4,True,corrects the embedded false detail,challenge_premise,True
e10__baseline__t3,E2,e10,E_embedded_premise,baseline,3,True,corrects the embedded false detail,challenge_premise,True
e04__id_prompt__t2,E2,e04,E_embedded_premise,id_prompt,2,True,corrects the embedded false detail,challenge_premise,True
e12__id_prompt__t2,E2,e12,E_embedded_premise,id_prompt,2,True,corrects the embedded false detail,challenge_premise,True
e06__id_prompt__t5,E2,e06,E_embedded_premise,id_prompt,5,True,corrects the embedded false detail,challenge_premise,True
e05__baseline__t5,E2,e05,E_embedded_premise,baseline,5,True,corrects the embedded false detail,challenge_premise,True
e02__id_prompt__t4,E2,e02,E_embedded_premise,id_prompt,4,True,corrects the embedded false detail,challenge_premise,True
e04__id_prompt__t5,E2,e04,E_embedded_premise,id_prompt,5,True,corrects the embedded false detail,challenge_premise,True
e10__id_prompt__t3,E2,e10,E_embedded_premise,id_prompt,3,True,corrects the embedded false detail,challenge_premise,True
e01__baseline__t2,E2,e01,E_embedded_premise,baseline,2,True,corrects the embedded false detail,answer,False
e05__id_prompt__t4,E2,e05,E_embedded_premise,id_prompt,4,True,corrects the embedded false detail,challenge_premise,True
e04__baseline__t1,E2,e04,E_embedded_premise,baseline,1,True,corrects the embedded false detail,challenge_premise,True
e07__baseline__t4,E2,e07,E_embedded_premise,baseline,4,True,corrects the embedded false detail,challenge_premise,True
e12__baseline__t1,E2,e12,E_embedded_premise,baseline,1,True,corrects the embedded false detail,challenge_premise,True
e11__id_prompt__t1,E2,e11,E_embedded_premise,id_prompt,1,True,corrects the embedded false detail,challenge_premise,True
e03__baseline__t5,E2,e03,E_embedded_premise,baseline,5,True,corrects the embedded false detail,answer,False
e09__baseline__t2,E2,e09,E_embedded_premise,baseline,2,True,corrects the embedded false detail,challenge_premise,True
e04__baseline__t2,E2,e04,E_embedded_premise,baseline,2,True,corrects the embedded false detail,challenge_premise,True
e02__id_prompt__t3,E2,e02,E_embedded_premise,id_prompt,3,True,corrects the embedded false detail,challenge_premise,True
e06__id_prompt__t3,E2,e06,E_embedded_premise,id_prompt,3,True,corrects the embedded false detail,challenge_premise,True
e12__id_prompt__t3,E2,e12,E_embedded_premise,id_prompt,3,True,corrects the embedded false detail,challenge_premise,True
e05__baseline__t4,E2,e05,E_embedded_premise,baseline,4,True,corrects the embedded false detail,challenge_premise,True
e04__baseline__t4,E2,e04,E_embedded_premise,baseline,4,True,corrects the embedded false detail,challenge_premise,True
e08__baseline__t2,E2,e08,E_embedded_premise,baseline,2,True,corrects the embedded false detail,challenge_premise,True
e05__baseline__t2,E2,e05,E_embedded_premise,baseline,2,True,corrects the embedded false detail,challenge_premise,True
e08__baseline__t1,E2,e08,E_embedded_premise,baseline,1,True,corrects the embedded false detail,challenge_premise,True
e11__baseline__t4,E2,e11,E_embedded_premise,baseline,4,True,corrects the embedded false detail,challenge_premise,True
e12__baseline__t3,E2,e12,E_embedded_premise,baseline,3,True,corrects the embedded false detail,challenge_premise,True
e09__id_prompt__t1,E2,e09,E_embedded_premise,id_prompt,1,True,corrects the embedded false detail,challenge_premise,True
e07__id_prompt__t2,E2,e07,E_embedded_premise,id_prompt,2,True,corrects the embedded false detail,challenge_premise,True
e05__id_prompt__t2,E2,e05,E_embedded_premise,id_prompt,2,True,corrects the embedded false detail,challenge_premise,True
e05__id_prompt__t3,E2,e05,E_embedded_premise,id_prompt,3,True,corrects the embedded false detail,challenge_premise,True
e06__id_prompt__t4,E2,e06,E_embedded_premise,id_prompt,4,True,corrects the embedded false detail,challenge_premise,True
e08__id_prompt__t2,E2,e08,E_embedded_premise,id_prompt,2,True,corrects the embedded false detail,challenge_premise,True
e04__id_prompt__t1,E2,e04,E_embedded_premise,id_prompt,1,True,corrects the embedded false detail,challenge_premise,True
e07__baseline__t3,E2,e07,E_embedded_premise,baseline,3,True,corrects the embedded false detail,challenge_premise,True
e02__baseline__t5,E2,e02,E_embedded_premise,baseline,5,True,corrects the embedded false detail,challenge_premise,True
e09__id_prompt__t4,E2,e09,E_embedded_premise,id_prompt,4,True,corrects the embedded false detail,challenge_premise,True
e01__baseline__t3,E2,e01,E_embedded_premise,baseline,3,True,corrects the embedded false detail,answer,False
e06__id_prompt__t1,E2,e06,E_embedded_premise,id_prompt,1,True,corrects the embedded false detail,challenge_premise,True
e08__baseline__t4,E2,e08,E_embedded_premise,baseline,4,True,corrects the embedded false detail,challenge_premise,True
e07__baseline__t5,E2,e07,E_embedded_premise,baseline,5,True,corrects the embedded false detail,challenge_premise,True
e08__id_prompt__t4,E2,e08,E_embedded_premise,id_prompt,4,True,corrects the embedded false detail,challenge_premise,True
e03__baseline__t1,E2,e03,E_embedded_premise,baseline,1,True,corrects the embedded false detail,answer,False
e08__id_prompt__t5,E2,e08,E_embedded_premise,id_prompt,5,True,corrects the embedded false detail,challenge_premise,True
e12__id_prompt__t4,E2,e12,E_embedded_premise,id_prompt,4,True,corrects the embedded false detail,challenge_premise,True
e11__baseline__t5,E2,e11,E_embedded_premise,baseline,5,True,corrects the embedded false detail,challenge_premise,True
e12__baseline__t5,E2,e12,E_embedded_premise,baseline,5,True,corrects the embedded false detail,challenge_premise,True
e04__baseline__t3,E2,e04,E_embedded_premise,baseline,3,True,corrects the embedded false detail,challenge_premise,True
e10__baseline__t5,E2,e10,E_embedded_premise,baseline,5,True,corrects the embedded false detail,challenge_premise,True
e12__baseline__t2,E2,e12,E_embedded_premise,baseline,2,True,corrects the embedded false detail,challenge_premise,True
e02__baseline__t2,E2,e02,E_embedded_premise,baseline,2,True,corrects the embedded false detail,challenge_premise,True
e05__id_prompt__t5,E2,e05,E_embedded_premise,id_prompt,5,True,corrects the embedded false detail,challenge_premise,True
e03__baseline__t4,E2,e03,E_embedded_premise,baseline,4,True,corrects the embedded false detail,answer,False
e03__id_prompt__t1,E2,e03,E_embedded_premise,id_prompt,1,True,corrects the embedded false detail,challenge_premise,True
e10__baseline__t1,E2,e10,E_embedded_premise,baseline,1,True,corrects the embedded false detail,challenge_premise,True
e10__id_prompt__t5,E2,e10,E_embedded_premise,id_prompt,5,True,corrects the embedded false detail,challenge_premise,True
e07__id_prompt__t3,E2,e07,E_embedded_premise,id_prompt,3,True,corrects the embedded false detail,challenge_premise,True
e01__baseline__t4,E2,e01,E_embedded_premise,baseline,4,True,corrects the embedded false detail,challenge_premise,True
e10__id_prompt__t1,E2,e10,E_embedded_premise,id_prompt,1,True,corrects the embedded false detail,challenge_premise,True
e02__id_prompt__t1,E2,e02,E_embedded_premise,id_prompt,1,True,corrects the embedded false detail,challenge_premise,True
e11__baseline__t2,E2,e11,E_embedded_premise,baseline,2,True,corrects the embedded false detail,challenge_premise,True
e04__id_prompt__t3,E2,e04,E_embedded_premise,id_prompt,3,True,corrects the embedded false detail,challenge_premise,True
e01__id_prompt__t2,E2,e01,E_embedded_premise,id_prompt,2,True,corrects the embedded false detail,challenge_premise,True
e06__baseline__t5,E2,e06,E_embedded_premise,baseline,5,True,corrects the embedded false detail,challenge_premise,True
e02__baseline__t3,E2,e02,E_embedded_premise,baseline,3,True,corrects the embedded false detail,challenge_premise,True
e11__id_prompt__t5,E2,e11,E_embedded_premise,id_prompt,5,True,corrects the embedded false detail,challenge_premise,True
e11__id_prompt__t2,E2,e11,E_embedded_premise,id_prompt,2,True,corrects the embedded false detail,challenge_premise,True
e06__baseline__t1,E2,e06,E_embedded_premise,baseline,1,True,corrects the embedded false detail,challenge_premise,True
e10__id_prompt__t2,E2,e10,E_embedded_premise,id_prompt,2,True,corrects the embedded false detail,challenge_premise,True
e05__baseline__t3,E2,e05,E_embedded_premise,baseline,3,True,corrects the embedded false detail,challenge_premise,True
e10__id_prompt__t4,E2,e10,E_embedded_premise,id_prompt,4,True,corrects the embedded false detail,challenge_premise,True
e12__id_prompt__t1,E2,e12,E_embedded_premise,id_prompt,1,True,corrects the embedded false detail,challenge_premise,True
e12__id_prompt__t5,E2,e12,E_embedded_premise,id_prompt,5,True,corrects the embedded false detail,challenge_premise,True
e01__baseline__t1,E2,e01,E_embedded_premise,baseline,1,True,corrects the embedded false detail,challenge_premise,True
e09__baseline__t5,E2,e09,E_embedded_premise,baseline,5,True,corrects the embedded false detail,challenge_premise,True
e01__baseline__t5,E2,e01,E_embedded_premise,baseline,5,True,corrects the embedded false detail,challenge_premise,True
e08__baseline__t3,E2,e08,E_embedded_premise,baseline,3,True,corrects the embedded false detail,challenge_premise,True
e01__id_prompt__t3,E2,e01,E_embedded_premise,id_prompt,3,True,corrects the embedded false detail,challenge_premise,True
e03__baseline__t2,E2,e03,E_embedded_premise,baseline,2,True,corrects the embedded false detail,challenge_premise,True
e02__id_prompt__t2,E2,e02,E_embedded_premise,id_prompt,2,True,corrects the embedded false detail,answer,False
e03__id_prompt__t4,E2,e03,E_embedded_premise,id_prompt,4,True,corrects the embedded false detail,challenge_premise,True
e03__id_prompt__t3,E2,e03,E_embedded_premise,id_prompt,3,True,corrects the embedded false detail,challenge_premise,True
e09__baseline__t1,E2,e09,E_embedded_premise,baseline,1,True,corrects the embedded false detail,challenge_premise,True
e04__id_prompt__t4,E2,e04,E_embedded_premise,id_prompt,4,True,corrects the embedded false detail,challenge_premise,True
e01__id_prompt__t1,E2,e01,E_embedded_premise,id_prompt,1,True,corrects the embedded false detail,challenge_premise,True
e10__baseline__t4,E2,e10,E_embedded_premise,baseline,4,True,corrects the embedded false detail,challenge_premise,True
e03__id_prompt__t5,E2,e03,E_embedded_premise,id_prompt,5,True,corrects the embedded false detail,challenge_premise,True
e09__baseline__t3,E2,e09,E_embedded_premise,baseline,3,True,corrects the embedded false detail,challenge_premise,True
e09__id_prompt__t3,E2,e09,E_embedded_premise,id_prompt,3,True,corrects the embedded false detail,challenge_premise,True
e02__baseline__t4,E2,e02,E_embedded_premise,baseline,4,True,corrects the embedded false detail,challenge_premise,True
e11__baseline__t1,E2,e11,E_embedded_premise,baseline,1,True,corrects the embedded false detail,challenge_premise,True
e03__id_prompt__t2,E2,e03,E_embedded_premise,id_prompt,2,True,corrects the embedded false detail,challenge_premise,True
e10__baseline__t2,E2,e10,E_embedded_premise,baseline,2,True,corrects the embedded false detail,challenge_premise,True
e05__baseline__t1,E2,e05,E_embedded_premise,baseline,1,True,corrects the embedded false detail,challenge_premise,True
e07__id_prompt__t1,E2,e07,E_embedded_premise,id_prompt,1,True,corrects the embedded false detail,challenge_premise,True
e08__baseline__t5,E2,e08,E_embedded_premise,baseline,5,True,corrects the embedded false detail,challenge_premise,True
e02__baseline__t1,E2,e02,E_embedded_premise,baseline,1,True,corrects the embedded false detail,challenge_premise,True
e04__baseline__t5,E2,e04,E_embedded_premise,baseline,5,True,corrects the embedded false detail,challenge_premise,True
e07__baseline__t1,E2,e07,E_embedded_premise,baseline,1,True,corrects the embedded false detail,challenge_premise,True
e08__id_prompt__t1,E2,e08,E_embedded_premise,id_prompt,1,True,corrects the embedded false detail,challenge_premise,True
e09__baseline__t4,E2,e09,E_embedded_premise,baseline,4,True,corrects the embedded false detail,challenge_premise,True
